id,course_id,fee_year,total_fee,tuition_fee
1,1,2026,805980,805980
2,2,2026,805980,805980
3,3,2026,1099000,1099000
4,4,2026,1199000,1199000
5,5,2026,1199000,1199000
6,6,2026,1199000,1199000
7,7,2026,1199000,1199000
8,8,2026,1199000,1199000
9,9,2026,1949000,1949000
10,10,2026,2200000,2200000
11,11,2026,2200000,2200000
12,12,2026,2200000,2200000
13,13,2026,2200000,2200000
14,14,2026,2200000,2200000
15,15,2026,880000,880000
16,16,2026,980000,980000
17,17,2026,920000,920000
18,18,2026,920000,920000
19,19,2026,920000,920000
20,20,2026,920000,920000
21,21,2026,920000,920000
22,22,2026,920000,920000
23,23,2026,1046000,1046000
24,24,2026,1046000,1046000
25,25,2026,1046000,1046000
26,26,2026,1046000,1046000
27,27,2026,1046000,1046000
28,28,2026,684000,684000
29,29,2026,684000,684000
30,30,2026,684000,684000
31,31,2026,684000,684000
32,32,2026,684000,684000
33,33,2026,1500000,1500000
34,34,2026,1500000,1500000
35,35,2026,1500000,1500000
36,36,2026,1500000,1500000
37,37,2026,348000,348000
38,38,2026,348000,348000
39,39,2026,348000,348000
40,40,2026,348000,348000
41,41,2026,348000,348000
42,42,2026,348000,348000
43,43,2026,348000,348000
44,44,2026,1400000,1400000
45,45,2026,1000000,1000000
46,46,2026,800000,800000
47,47,2026,800000,800000
48,48,2026,800000,800000
49,49,2026,800000,800000
50,50,2026,1600000,1600000
51,51,2026,1400000,1400000
52,52,2026,1304000,1304000
53,53,2026,1168000,1168000
54,54,2026,1400000,1400000
55,55,2026,1168000,1168000
56,56,2026,948000,948000
57,57,2026,1168000,1168000
58,58,2026,908000,908000
59,59,2026,1400000,1400000
60,60,2026,748000,748000
61,61,2026,1016000,1016000
62,62,2026,1080000,1080000
63,63,2026,908000,908000
64,64,2026,1150000,1150000
65,65,2026,1080000,1080000
66,66,2026,1812000,1812000
67,67,2026,1532000,1532000
68,68,2026,1312000,1312000
69,69,2026,1312000,1312000
70,70,2026,1672000,1672000
71,71,2026,1312000,1312000
72,72,2026,948000,948000
73,73,2026,908000,908000
74,74,2026,1672000,1672000
75,75,2026,1244000,1244000
76,76,2026,1760000,1760000
77,77,2026,1672000,1672000
78,78,2026,1672000,1672000
79,79,2026,1388000,1388000
80,80,2026,1040000,1040000
81,81,2026,1116000,1116000
82,82,2026,2036000,2036000
83,83,2026,1244000,1244000
84,84,2026,1168000,1168000
85,85,2026,1760000,1760000
86,86,2026,1672000,1672000
87,87,2026,1760000,1760000
88,88,2026,1400000,1400000
89,89,2026,1760000,1760000
90,90,2026,1760000,1760000
91,91,2026,1760000,1760000
92,92,2026,1172000,1172000
93,93,2026,1480000,1480000
94,94,2026,856000,856000
95,95,2026,856000,856000
96,96,2026,856000,856000
97,97,2026,856000,856000
98,98,2026,856000,856000
99,99,2026,1280000,1280000
100,100,2026,1568000,1568000
101,101,2026,1568000,1568000
102,102,2026,1568000,1568000
103,103,2026,1568000,1568000
104,104,2026,936000,936000
105,105,2026,824000,824000
106,106,2026,856000,856000
107,107,2026,1584000,1584000
108,108,2026,856000,856000
109,109,2026,1855000,1900000
110,110,2026,1570000,1615000
111,111,2026,1490000,1535000
112,112,2026,1490000,1535000
113,113,2026,1490000,1535000
114,114,2026,1490000,1535000
115,115,2026,1490000,1535000
116,116,2026,800000,800000
117,117,2026,800000,800000
118,118,2026,800000,800000
119,119,2026,800000,800000
120,120,2026,800000,800000
121,121,2026,800000,800000
122,122,2026,800000,800000
123,123,2026,800000,800000
124,124,2026,800000,800000
125,125,2026,800000,800000
126,126,2026,1640000,1640000
127,127,2026,1460000,1460000
128,128,2026,1460000,1460000
129,129,2026,1400000,1400000
130,130,2026,1800000,1800000
131,131,2026,1800000,1800000
132,132,2026,2400000,2400000
133,133,2026,1600000,1600000
134,134,2026,4000000,4000000
135,135,2026,1000000,1000000
136,136,2026,1800000,1800000
137,137,2026,3400000,3400000
138,138,2026,3200000,3200000
139,139,2026,3400000,3400000
140,140,2026,3400000,3400000
141,141,2026,3200000,3200000
142,142,2026,160000,160000
143,143,2026,160000,160000
144,144,2026,160000,160000
145,145,2026,160000,160000
146,146,2026,160000,160000
147,147,2026,160000,160000
148,148,2026,160000,160000
149,149,2026,160000,160000
150,150,2026,160000,160000
151,151,2026,1365000,1365000
152,152,2026,1365000,1365000
153,153,2026,1165000,1165000
154,154,2026,845000,845000
155,155,2026,845000,845000
156,156,2026,1065000,1065000
157,157,2026,1065000,1065000
158,158,2026,1065000,1065000
159,159,2026,1065000,1065000
160,160,2026,905000,905000
161,161,2026,1224000,1224000
162,162,2026,904000,904000
163,163,2026,1116000,1116000
164,164,2026,944000,944000
165,165,2026,900000,900000
166,166,2026,1000000,1000000
167,167,2026,900000,900000
168,168,2026,900000,900000
169,169,2026,800000,800000
170,170,2026,800000,800000
171,171,2026,900000,900000
172,172,2026,1860000,1860000
173,173,2026,1500000,1500000
174,174,2026,900000,900000
175,175,2026,900000,900000
176,176,2026,1000000,1000000
177,177,2026,900000,900000
178,178,2026,1000000,1000000
179,179,2026,900000,900000
180,180,2026,900000,900000
181,181,2026,900000,900000
182,182,2026,900000,900000
183,183,2026,1400000,1400000
184,184,2026,1600000,1600000
185,185,2026,1400000,1400000
186,186,2026,1100000,1100000
187,187,2026,1000000,1000000
188,188,2026,1040000,1040000
189,189,2026,1200000,1200000
190,190,2026,1040000,1040000
191,191,2026,840000,840000
192,192,2026,840000,840000
193,193,2026,1800000,1800000
194,194,2026,1800000,1800000
195,195,2026,1800000,1800000
196,196,2026,1300000,1300000
197,197,2026,600000,600000
198,198,2026,600000,600000
199,199,2026,600000,600000
200,200,2026,600000,600000
201,201,2026,600000,600000
202,202,2026,790000,790000
203,203,2026,790000,790000
204,204,2026,790000,790000
205,205,2026,1480000,1480000
206,206,2026,1200000,1200000
207,207,2026,900000,900000
208,208,2026,900000,900000
209,209,2026,320000,320000
210,210,2026,1640000,1640000
211,211,2026,1640000,1640000
212,212,2026,1460000,1460000
213,213,2026,640000,640000
214,214,2026,640000,640000
215,215,2026,640000,640000
216,216,2026,1440000,1440000
217,217,2026,1440000,1440000
218,218,2026,1440000,1440000
219,219,2026,1100000,1100000
220,220,2026,1240000,1240000
221,221,2026,800000,800000
222,222,2026,1620000,1620000
223,223,2026,1620000,1620000
224,224,2026,800000,800000
225,225,2026,1620000,1620000
226,226,2026,1620000,1620000
227,227,2026,1424000,1424000
228,228,2026,884000,884000
229,229,2026,880000,880000
230,230,2026,1010000,1010000
231,231,2026,790000,790000
232,232,2026,948000,948000
233,233,2026,870000,870000
234,234,2026,1088000,1088000
235,235,2026,815000,720000
236,236,2026,495000,400000
237,237,2026,495000,400000
238,238,2026,495000,400000
239,239,2026,395000,300000
240,240,2026,395000,300000
241,241,2026,1243000,1243000
242,242,2026,1185000,1185000
243,243,2026,1188000,1188000
244,244,2026,1040000,1040000
245,245,2026,1272000,1272000
246,246,2026,1595000,1595000
247,247,2026,1170000,1170000
248,248,2026,1595000,1595000
249,249,2026,1595000,1595000
250,250,2026,1727000,1727000
251,259,2026,1000000,1000000
252,260,2026,1000000,1000000
253,261,2026,1000000,1000000
254,262,2026,880000,880000
255,263,2026,760000,760000
256,264,2026,760000,760000
257,265,2026,760000,760000
258,273,2026,1120000,1120000
259,274,2026,1120000,1120000
260,275,2026,1120000,1120000
261,276,2026,1120000,1120000
262,277,2026,1120000,1120000
263,278,2026,1120000,1120000
264,279,2026,268000,268000
265,280,2026,268000,268000
266,281,2026,268000,268000
267,282,2026,268000,268000
268,283,2026,268000,268000
269,284,2026,268000,268000
270,285,2026,845000,845000
271,286,2026,845000,845000
272,287,2026,845000,845000
273,288,2026,845000,845000
274,289,2026,580000,580000
275,290,2026,360000,360000
276,291,2026,360000,360000
277,292,2026,430000,430000
278,293,2026,600000,600000
279,294,2026,400000,400000
280,295,2026,400000,400000
281,296,2026,404000,404000
282,297,2026,404000,404000
283,298,2026,404000,404000
284,299,2026,404000,404000
285,300,2026,700000,700000
286,301,2026,700000,700000
287,302,2026,700000,700000
288,303,2026,700000,700000
289,304,2026,455000,455000
290,305,2026,455000,455000
291,306,2026,455000,455000
292,307,2026,455000,455000
293,308,2026,455000,455000
294,309,2026,455000,455000
295,310,2026,640000,640000
296,311,2026,2060000,2060000
297,312,2026,2360000,2360000
298,313,2026,2360000,2360000
299,314,2026,2260000,2260000
300,315,2026,1620000,1620000
301,316,2026,1560000,1560000
302,317,2026,1960000,1960000
303,318,2026,640000,640000
304,319,2026,640000,640000
305,320,2026,640000,640000
306,321,2026,640000,640000
307,322,2026,640000,640000
308,323,2026,640000,640000
309,324,2026,880000,880000
310,325,2026,720000,720000
311,326,2026,640000,640000
312,327,2026,640000,640000
313,328,2026,290000,290000
314,329,2026,290000,290000
315,330,2026,290000,290000
316,331,2026,290000,290000
317,332,2026,290000,290000
318,333,2026,1000000,1000000
319,334,2026,1160000,1160000
320,335,2026,1080000,1080000
321,336,2026,1080000,1080000
322,337,2026,1080000,1080000
323,338,2026,780000,780000
324,339,2026,780000,780000
325,340,2026,780000,780000
326,341,2026,640000,640000
327,342,2026,400000,400000
328,343,2026,664000,664000
329,344,2026,664000,664000
330,345,2026,664000,664000
331,346,2026,664000,664000
332,347,2026,664000,664000
333,348,2026,664000,664000
334,349,2026,1100000,1100000
335,350,2026,360000,360000
336,351,2026,300000,300000
337,352,2026,376500,376500
338,353,2026,300000,300000
339,354,2026,1214000,1214000
340,355,2026,1214000,1214000
341,356,2026,1214000,1214000
342,357,2026,1214000,1214000
343,358,2026,954000,954000
344,359,2026,954000,954000
345,360,2026,1214000,1214000
346,361,2026,1114000,1114000
347,362,2026,1114000,1114000
348,363,2026,900000,900000
349,364,2026,900000,900000
350,365,2026,600000,600000
351,366,2026,700000,700000
352,367,2026,600000,600000
353,368,2026,1760000,1760000
354,369,2026,1760000,1760000
355,370,2026,1760000,1760000
356,371,2026,1760000,1760000
357,372,2026,1760000,1760000
358,373,2026,1400000,1400000
359,374,2026,1400000,1400000
360,375,2026,1600000,1600000
361,376,2026,1140000,1140000
362,377,2026,1060000,1060000
363,378,2026,960000,960000
364,379,2026,1200000,1200000
365,380,2026,1140000,1140000
366,381,2026,980000,980000
367,382,2026,1060000,1060000
368,383,2026,1060000,1060000
369,384,2026,980000,980000
370,385,2026,1120000,1120000
371,386,2026,1240000,1240000
372,387,2026,1200000,1200000
373,388,2026,1180000,1180000
374,389,2026,330000,330000
375,390,2026,330000,330000
376,391,2026,330000,330000
377,392,2026,330000,330000
378,393,2026,240000,240000
379,394,2026,140000,140000
380,395,2026,240000,240000
381,396,2026,140000,140000
382,397,2026,160000,160000
383,398,2026,1280000,1280000
384,399,2026,1600000,1600000
385,400,2026,1360000,1360000
386,401,2026,1440000,1440000
387,402,2026,1280000,1280000
388,403,2026,1120000,1120000
389,404,2026,1120000,1120000
390,405,2026,1120000,1120000
391,406,2026,1440000,1440000
392,407,2026,1120000,1120000
393,408,2026,2100000,2100000
394,409,2026,2000000,2000000
395,410,2026,960000,960000
396,411,2026,1040000,1040000
397,412,2026,1400000,1400000
398,413,2026,1400000,1400000
399,414,2026,1200000,1200000
400,415,2026,1040000,1040000
401,416,2026,1400000,1400000
402,417,2026,1700000,1700000
403,418,2026,960000,960000
404,419,2026,2020000,2020000
405,420,2026,2020000,2020000
406,421,2026,2020000,2020000
407,422,2026,2020000,2020000
408,423,2026,2020000,2020000
409,424,2026,2020000,2020000
410,425,2026,2020000,2020000
411,426,2026,2020000,2020000
412,427,2026,2020000,2020000
413,428,2026,800000,800000
414,429,2026,800000,800000
415,430,2026,800000,800000
416,431,2026,800000,800000
417,432,2026,800000,800000
418,433,2026,800000,800000
419,434,2026,800000,800000
420,435,2026,800000,800000
421,436,2026,800000,800000
422,437,2026,400000,400000
423,438,2026,400000,400000
424,439,2026,400000,400000
425,440,2026,400000,400000
426,441,2026,400000,400000
427,442,2026,520000,520000
428,443,2026,520000,520000
429,444,2026,520000,520000
430,445,2026,520000,520000
431,446,2026,310000,310000
432,447,2026,310000,310000
433,448,2026,310000,310000
434,449,2026,310000,310000
435,450,2026,310000,310000
436,451,2026,310000,310000
437,452,2026,240000,240000
438,453,2026,250000,250000
439,454,2026,250000,250000
440,455,2026,230000,230000
441,456,2026,230000,230000
442,457,2026,230000,230000
443,458,2026,230000,230000
444,459,2026,230000,230000
445,460,2026,200000,200000
446,461,2026,200000,200000
447,462,2026,300000,300000
448,463,2026,300000,300000
449,464,2026,250000,250000
450,465,2026,200000,200000
451,466,2026,300000,300000
452,467,2026,278000,278000
453,468,2026,300000,300000
454,469,2026,200000,200000
455,470,2026,400000,400000
456,471,2026,340000,340000
457,472,2026,240000,240000
458,473,2026,240000,240000
459,474,2026,480000,480000
460,475,2026,400000,400000
461,476,2026,1100000,1100000
462,477,2026,1600000,1600000
463,478,2026,1800000,1800000
464,479,2026,700000,700000
465,480,2026,1800000,1800000
466,481,2026,1300000,1300000
467,482,2026,1800000,1800000
468,483,2026,700000,700000
469,484,2026,1200000,1200000
470,485,2026,1800000,1800000
471,486,2026,700000,700000
472,487,2026,1400000,1400000
473,488,2026,800000,800000
474,489,2026,800000,800000
475,490,2026,700000,700000
476,491,2026,1200000,1200000
477,492,2026,900000,900000
478,493,2026,900000,900000
479,494,2026,700000,700000
480,495,2026,700000,700000
481,496,2026,700000,700000
482,497,2026,700000,700000
483,498,2026,700000,700000
484,499,2026,700000,700000
485,500,2026,700000,700000
486,501,2026,700000,700000
487,502,2026,700000,700000
488,503,2026,700000,700000
489,504,2026,700000,700000
490,505,2026,700000,700000
491,506,2026,700000,700000
492,507,2026,700000,700000
493,508,2026,700000,700000
494,509,2026,700000,700000
495,510,2026,700000,700000
496,511,2026,700000,700000
497,512,2026,2000000,2000000
498,513,2026,2000000,2000000
499,514,2026,1800000,1800000
500,515,2026,1600000,1600000
501,516,2026,1600000,1600000
502,517,2026,1600000,1600000
503,518,2026,3360000,3360000
504,519,2026,3360000,3360000
505,520,2026,3360000,3360000
506,521,2026,3360000,3360000
507,522,2026,580000,580000
508,523,2026,580000,580000
509,524,2026,580000,580000
510,525,2026,580000,580000
511,526,2026,580000,580000
512,527,2026,410000,410000
513,528,2026,410000,410000
514,529,2026,410000,410000
515,530,2026,410000,410000
516,531,2026,410000,410000
517,532,2026,410000,410000
518,533,2026,410000,410000
519,534,2026,410000,410000
520,535,2026,410000,410000
521,536,2026,410000,410000
522,537,2026,1640000,1640000
523,538,2026,1600000,1600000
524,539,2026,1400000,1400000
525,540,2026,1340000,1340000
526,541,2026,1000000,1000000
527,542,2026,1000000,1000000
528,543,2026,700000,700000
529,544,2026,700000,700000
530,545,2026,700000,700000
531,546,2026,1000000,1000000
532,547,2026,250000,250000
533,548,2026,250000,250000
534,549,2026,250000,250000
535,550,2026,250000,250000
536,551,2026,250000,250000
537,552,2026,250000,250000
538,553,2026,250000,250000
539,554,2026,250000,250000
540,555,2026,250000,250000
541,556,2026,250000,250000
542,557,2026,250000,250000
543,558,2026,700000,700000
544,559,2026,640000,640000
545,560,2026,640000,640000
546,561,2026,640000,640000
547,562,2026,580000,580000
548,563,2026,535000,535000
549,574,2026,800000,800000
550,575,2026,800000,800000
551,576,2026,800000,800000
552,577,2026,800000,800000
553,578,2026,2000000,2000000
554,579,2026,2000000,2000000
555,580,2026,2000000,2000000
556,581,2026,2000000,2000000
557,582,2026,1600000,1700000
558,583,2026,1600000,1100000
559,584,2026,1900000,1100000
560,585,2026,1100000,1100000
561,586,2026,1100000,1400000
562,587,2026,1100000,1320000
563,588,2026,1100000,1200000
564,589,2026,1400000,1400000
565,590,2026,1320000,1320000
566,591,2026,1200000,1200000
567,592,2026,1300000,1300000
568,621,2026,240000,240000
569,622,2026,240000,240000
570,623,2026,240000,240000
571,624,2026,1200000,1200000
572,625,2026,1200000,1200000
573,626,2026,1200000,1200000
574,627,2026,520000,520000
575,628,2026,320000,320000
576,629,2026,320000,320000
577,630,2026,400000,400000
578,631,2026,360000,360000
579,632,2026,520000,520000
580,633,2026,640000,640000
581,634,2026,640000,640000
582,635,2026,600000,600000
583,636,2026,600000,600000
584,637,2026,600000,600000
585,638,2026,760000,760000
586,639,2026,400000,400000
587,640,2026,400000,400000
588,641,2026,600000,600000
589,642,2026,600000,600000
590,643,2026,520000,520000
591,644,2026,520000,520000
592,645,2026,760000,760000
593,646,2026,1100000,1100000
594,647,2026,1100000,1100000
595,648,2026,1000000,1000000
596,649,2026,700000,700000
597,650,2026,700000,700000
598,651,2026,700000,700000
599,652,2026,700000,700000
600,653,2026,900000,900000
601,654,2026,850000,850000
602,655,2026,850000,850000
603,656,2026,850000,850000
604,657,2026,850000,850000
605,658,2026,1600000,1600000
606,659,2026,1600000,1600000
607,660,2026,1600000,1600000
608,661,2026,1200000,1200000
609,662,2026,1200000,1200000
610,663,2026,1400000,1400000
611,664,2026,1400000,1400000
612,665,2026,1400000,1400000
613,666,2026,900000,900000
614,667,2026,900000,900000
615,653,2026,1220000,1220000
616,654,2026,1420000,1420000
617,655,2026,755000,755000
618,656,2026,755000,755000
619,657,2026,680000,680000
620,658,2026,600000,600000
621,659,2026,700000,700000
622,660,2026,200000,200000
623,661,2026,200000,200000
624,662,2026,200000,200000
625,663,2026,200000,200000
626,664,2026,200000,200000
627,665,2026,200000,200000
628,666,2026,200000,200000
629,667,2026,200000,200000
630,668,2026,1358670,1358670
631,669,2026,1400507,1400507
632,670,2026,1400507,1400507
633,671,2026,961225,961225
634,672,2026,710208,710208
635,673,2026,689290,689290
636,674,2026,710208,710208
637,675,2026,1260000,1260000
638,676,2026,1340000,1340000
639,677,2026,1340000,1340000
640,678,2026,1340000,1340000
641,679,2026,1260000,1260000
642,680,2026,1100000,1100000
643,681,2026,940000,940000
644,682,2026,940000,940000
645,683,2026,1949000,1949000
646,684,2026,1949000,1949000
647,685,2026,1949000,1949000
648,686,2026,1949000,1949000
649,687,2026,1949000,1949000
650,688,2026,956000,956000
651,689,2026,944000,944000
652,690,2026,924000,924000
653,691,2026,924000,924000
654,692,2026,1032000,1032000
655,693,2026,924000,924000
656,694,2026,796000,796000
657,695,2026,1308000,1308000
658,696,2026,1356000,1356000
659,697,2026,864000,864000
660,698,2026,1100000,1100000
661,699,2026,1100000,1100000
662,700,2026,940000,940000
663,701,2026,620000,620000
664,702,2026,940000,940000
665,703,2026,772592,772592
666,704,2026,772592,772592
667,705,2026,790000,790000
668,706,2026,790000,790000
669,707,2026,790000,790000
670,708,2026,790000,790000
671,709,2026,901200,901200
672,710,2026,901200,901200
673,711,2026,1485000,1485000
674,712,2026,901200,901200
675,713,2026,901200,901200
676,714,2026,901200,901200
677,715,2026,901200,901200
678,716,2026,901200,901200
679,717,2026,1460000,1460000
680,718,2026,1460000,1460000
681,719,2026,1200000,1200000
682,720,2026,1200000,1200000
683,721,2026,1640000,1640000
684,722,2026,1640000,1640000
685,723,2026,1460000,1460000
686,724,2026,1200000,1200000
687,725,2026,1460000,1460000
688,726,2026,1460000,1460000
689,727,2026,1460000,1460000
690,728,2026,1200000,1200000
691,729,2026,1460000,1460000
692,730,2026,760000,760000
693,731,2026,760000,760000
694,732,2026,640000,640000
695,733,2026,640000,640000
696,734,2026,640000,640000
697,735,2026,640000,640000
698,736,2026,640000,640000
699,737,2026,640000,640000
700,738,2026,640000,640000
701,739,2026,800000,800000
702,740,2026,800000,800000
703,741,2026,1240000,1240000
704,742,2026,1240000,1240000
705,743,2026,800000,800000
706,744,2026,800000,800000
707,745,2026,800000,800000
708,746,2026,800000,800000
709,747,2026,1280000,1280000
710,748,2026,800000,800000
711,749,2026,1240000,1240000
712,750,2026,1620000,1620000
713,751,2026,1620000,1620000
714,752,2026,1224000,1224000
715,753,2026,800000,800000
716,754,2026,800000,800000
717,755,2026,1224000,1224000
718,756,2026,1224000,1224000
719,757,2026,1224000,1224000
720,758,2026,1620000,1620000
721,759,2026,1620000,1620000
722,760,2026,1224000,1224000
723,761,2026,1224000,1224000
724,762,2026,800000,800000
725,763,2026,800000,800000
726,764,2026,1224000,1224000
727,765,2026,1224000,1224000
728,766,2026,800000,800000
729,767,2026,1224000,1224000
730,768,2026,1424000,1424000
731,769,2026,1424000,1424000
732,770,2026,1424000,1424000
733,771,2026,556000,556000
734,772,2026,800000,800000
735,773,2026,556000,556000
736,774,2026,812000,812000
737,775,2026,880000,880000
738,776,2026,880000,880000
739,777,2026,880000,880000
740,778,2026,880000,880000
741,779,2026,880000,880000
742,780,2026,880000,880000
743,781,2026,880000,880000
744,782,2026,790000,790000
745,783,2026,790000,790000
746,784,2026,790000,790000
747,785,2026,790000,790000
748,786,2026,790000,790000
749,787,2026,790000,790000
750,788,2026,790000,790000
751,789,2026,790000,790000
752,790,2026,790000,790000
753,791,2026,790000,790000
754,792,2026,948000,948000
755,793,2026,948000,948000
756,794,2026,948000,948000
757,795,2026,948000,948000
758,796,2026,948000,948000
759,797,2026,948000,948000
760,798,2026,948000,948000
761,799,2026,1727000,1727000
762,800,2026,1185000,1185000
763,801,2026,1185000,1185000
764,802,2026,1188000,1188000
765,803,2026,1185000,1185000
766,804,2026,1185000,1185000
767,805,2026,1000000,100000
768,806,2026,1120000,1120000
769,807,2026,1120000,1120000
770,808,2026,1120000,1120000
771,809,2026,545000,545000
772,810,2026,2060000,2060000
773,811,2026,1960000,1960000
774,812,2026,1620000,1620000
775,813,2026,2260000,2260000
776,814,2026,1560000,1560000
777,815,2026,2060000,2060000
778,816,2026,2160000,2160000
779,817,2026,2060000,2060000
780,818,2026,2160000,2160000
781,819,2026,1960000,1960000
782,820,2026,2160000,2160000
783,821,2026,2060000,2060000
784,822,2026,1560000,1560000
785,823,2026,1960000,1960000
786,824,2026,1560000,1560000
787,825,2026,1560000,1560000
788,826,2026,2160000,2160000
789,827,2026,2160000,2160000
790,828,2026,2360000,2360000
791,829,2026,2160000,2160000
792,830,2026,1560000,1560000
793,831,2026,1960000,1960000
794,832,2026,1960000,1960000
795,833,2026,1620000,1620000
796,834,2026,640000,640000
797,835,2026,640000,640000
798,836,2026,880000,880000
799,837,2026,1114000,1114000
800,838,2026,1114000,1114000
801,839,2026,954000,954000
802,840,2026,1214000,1214000
803,841,2026,1114000,1114000
804,842,2026,1114000,1114000
805,843,2026,1114000,1114000
806,844,2026,1114000,1114000
807,845,2026,954000,954000
808,846,2026,954000,954000
809,847,2026,954000,954000
810,848,2026,954000,954000
811,849,2026,1114000,1114000
812,850,2026,1114000,1114000
813,851,2026,1114000,1114000
814,852,2026,1174000,1174000
815,853,2026,954000,954000
816,854,2026,1114000,1114000
817,855,2026,954000,954000
818,856,2026,954000,954000
819,857,2026,1400000,1400000
820,858,2026,1400000,1400000
821,859,2026,1600000,1600000
822,860,2026,1600000,1600000
823,861,2026,1400000,1400000
824,862,2026,1760000,1760000
825,863,2026,1520000,1520000
826,864,2026,1760000,1760000
827,865,2026,1600000,1600000
828,866,2026,1400000,1400000
829,867,2026,1760000,1760000
830,868,2026,1400000,1400000
831,869,2026,1760000,1760000
832,870,2026,1600000,1600000
833,871,2026,1400000,1400000
834,872,2026,1760000,1760000
835,873,2026,1400000,1400000
836,874,2026,1400000,1400000
837,875,2026,1120000,1120000
838,876,2026,1120000,1120000
839,877,2026,960000,960000
840,878,2026,1120000,1120000
841,879,2026,1120000,1120000
842,880,2026,1120000,1120000
843,881,2026,1120000,1120000
844,882,2026,1600000,1600000
845,883,2026,1120000,1120000
846,884,2026,1120000,1120000
847,885,2026,1600000,1600000
848,886,2026,1360000,1360000
849,887,2026,1120000,1120000
850,888,2026,1360000,1360000
851,889,2026,1440000,1440000
852,890,2026,1120000,1120000
853,891,2026,1360000,1360000
854,892,2026,1120000,1120000
855,893,2026,1120000,1120000
856,894,2026,3600000,3600000
857,895,2026,1120000,1120000
858,896,2026,1600000,1600000
859,897,2026,1440000,1440000
860,898,2026,1600000,1600000
861,899,2026,1120000,1120000
862,900,2026,1600000,1600000
863,901,2026,1440000,1440000
864,902,2026,1440000,1440000
865,903,2026,1120000,1120000
866,904,2026,1440000,1440000
867,905,2026,1360000,1360000
868,906,2026,1600000,1600000
869,907,2026,1360000,1360000
870,908,2026,1440000,1440000
871,909,2026,1440000,1440000
872,910,2026,1440000,1440000
873,911,2026,1440000,1440000
874,912,2026,1440000,1440000
875,913,2026,1440000,1440000
876,914,2026,1440000,1440000
877,915,2026,340000,340000
878,916,2026,340000,340000
879,917,2026,400000,400000
880,918,2026,480000,480000
881,919,2026,340000,340000
882,920,2026,340000,340000
883,921,2026,480000,480000
884,922,2026,240000,240000
885,923,2026,240000,240000
886,924,2026,240000,240000
887,925,2026,800000,800000
888,926,2026,240000,240000
889,927,2026,1000000,1000000
890,928,2026,700000,700000
891,929,2026,700000,700000
892,930,2026,700000,700000
893,931,2026,700000,700000
894,932,2026,700000,700000
895,933,2026,700000,700000
896,934,2026,700000,700000
897,935,2026,700000,700000
898,936,2026,700000,700000
899,937,2026,700000,700000
900,938,2026,700000,700000
901,939,2026,700000,700000
902,940,2026,580000,580000
903,941,2026,700000,700000
904,942,2026,700000,700000
905,943,2026,700000,700000
906,944,2026,700000,700000
907,945,2026,1100000,1100000
908,946,2026,1000000,1000000
909,947,2026,900000,900000
910,948,2026,700000,700000
911,949,2026,900000,900000
912,950,2026,700000,700000
913,951,2026,250000,250000
914,952,2026,250000,250000
915,953,2026,250000,250000
916,954,2026,250000,250000
917,955,2026,250000,250000
918,956,2026,250000,250000
919,957,2026,250000,250000
920,958,2026,250000,250000
921,959,2026,250000,250000
922,960,2026,250000,250000
923,961,2026,1100000,1100000
924,962,2026,1100000,1100000
925,963,2026,1100000,1100000
926,964,2026,1100000,1100000
927,965,2026,1100000,1100000
928,966,2026,1100000,1100000
929,967,2026,1100000,1100000
930,968,2026,1100000,1100000
931,969,2026,1100000,1100000
932,970,2026,1700000,1700000
933,971,2026,1900000,1900000
934,972,2026,1900000,1900000
935,973,2026,1700000,1700000
936,974,2026,1900000,1900000
937,975,2026,1700000,1700000
938,976,2026,1700000,1700000
939,977,2026,1700000,1700000
940,978,2026,1700000,1700000
941,593,2026,700000,700000
942,594,2026,700000,700000
943,595,2026,840000,840000
944,979,2026,840000,840000
945,980,2026,840000,840000
946,981,2026,1200000,1200000
947,982,2026,1200000,1200000
948,983,2026,1500000,1500000
949,984,2026,1200000,1200000
950,985,2026,1100000,1100000
951,986,2026,1200000,1200000
952,987,2026,720000,720000
953,988,2026,840000,840000
954,989,2026,840000,840000
955,990,2026,1000000,1000000
956,596,2026,1400000,1400000
957,597,2026,1400000,1400000
958,598,2026,1200000,1200000
959,599,2026,1200000,1200000
960,600,2026,400000,400000
961,601,2026,800000,800000
962,991,2026,1200000,1200000
963,992,2026,1000000,1000000
964,993,2026,600000,600000
965,994,2026,600000,600000
966,995,2026,400000,400000
967,602,2026,1400000,1400000
968,603,2026,1000000,1000000
969,604,2026,1400000,1400000
970,605,2026,800000,800000
971,606,2026,800000,800000
972,607,2026,800000,800000
973,996,2026,800000,800000
974,997,2026,800000,800000
975,998,2026,800000,800000
976,999,2026,800000,800000
977,1000,2026,800000,800000
978,608,2026,1000000,1000000
979,609,2026,1100000,1100000
980,610,2026,1000000,1000000
981,611,2026,1000000,1000000
982,612,2026,600000,600000
983,613,2026,600000,600000
984,1001,2026,1000000,1000000
985,1002,2026,1600000,1600000
986,1003,2026,600000,600000
987,1004,2026,700000,700000
988,1005,2026,700000,700000
989,1006,2026,1000000,1000000
990,1007,2026,1000000,1000000
991,1008,2026,1000000,1000000
992,1009,2026,1000000,1000000
993,1010,2026,1000000,1000000
994,1011,2026,1000000,1000000
995,1012,2026,600000,600000
996,1013,2026,700000,700000
997,1014,2026,800000,800000
998,1015,2026,1600000,1600000
999,614,2026,1600000,1600000
1000,615,2026,1840000,1840000
1001,616,2026,1440000,1440000
1002,617,2026,1440000,1440000
1003,618,2026,1000000,1000000
1004,619,2026,1000000,1000000
1005,1016,2026,1000000,1000000
1006,1017,2026,1440000,1440000
1007,1018,2026,1440000,1440000
1008,1019,2026,1840000,1840000
1009,1020,2026,1000000,1000000
1010,1021,2026,1000000,1000000
1011,1022,2026,1000000,1000000
1012,1023,2026,1000000,1000000
1013,1024,2026,1000000,1000000
1014,1025,2026,1000000,1000000
1015,1026,2026,1000000,1000000
1016,1027,2026,1000000,1000000
1017,1028,2026,1000000,1000000
1018,1029,2026,1000000,1000000
1019,1030,2026,1000000,1000000
1020,1031,2026,1200000,1200000
1021,1032,2026,1200000,1200000
1022,1033,2026,1000000,1000000
1023,1034,2026,1000000,1000000
1024,1035,2026,1000000,1000000
1025,1036,2026,585000,585000
1026,1037,2026,585000,585000
1027,1038,2026,600000,600000
1028,1039,2026,760000,760000
1029,1040,2026,760000,760000
1030,1041,2026,400000,400000
1031,1042,2026,760000,760000
1032,1043,2026,760000,760000
1033,1044,2026,400000,400000
1034,1045,2026,760000,760000
1035,1046,2026,400000,400000
1036,1047,2026,800000,800000
1037,1048,2026,1100000,1100000
1038,1049,2026,1100000,1100000
1039,1050,2026,1100000,1100000
1040,1051,2026,1100000,1100000
1041,1052,2026,700000,700000
1042,1053,2026,700000,700000
1043,1054,2026,700000,700000
1044,1055,2026,700000,700000
1045,1056,2026,700000,700000
1046,1057,2026,700000,700000
1047,1058,2026,700000,700000
1048,1059,2026,700000,700000
1049,1060,2026,700000,700000
1050,1061,2026,700000,700000
1051,1062,2026,700000,700000
1052,1063,2026,700000,700000
1053,1064,2026,700000,700000
1054,1065,2026,700000,700000
1055,1066,2026,700000,700000
1056,1067,2026,700000,700000
1057,1068,2026,700000,700000
1058,1069,2026,700000,700000
1059,1070,2026,700000,700000
1060,1071,2026,700000,700000
1061,1072,2026,700000,700000
1062,1073,2026,700000,700000
1063,1074,2026,700000,700000
1064,1075,2026,700000,700000
1065,1076,2026,755000,755000
1066,1077,2026,680000,680000
1067,1078,2026,1420000,1420000
1068,1079,2026,680000,680000
1069,1080,2026,680000,680000
1070,1081,2026,1020000,1020000
1071,1082,2026,680000,680000
1072,1083,2026,980000,980000
1073,1084,2026,1023980,1023980
1074,1085,2026,1023980,1023980
1075,1086,2026,1023980,1023980
1076,1087,2026,1023980,1023980
1077,1088,2026,1023980,1023980
1078,1089,2026,1191325,1191325
1079,1090,2026,1023980,1023980
1080,1091,2026,689290,689290
1081,1092,2026,1011429,1011429
1082,1093,2026,1023980,1023980
1083,1094,2026,710208,710208
1084,1095,2026,710208,710208
1085,1096,2026,710208,710208
1086,1097,2026,710208,710208
1087,1098,2026,710208,710208
1088,1099,2026,710208,710208
1089,1100,2026,710208,710208
1090,1101,2026,710208,710208
1091,1102,2026,1400507,1400507
1092,1103,2026,1484179,1484179
1093,1104,2026,1400507,1400507
1094,1105,2026,1400507,1400507
1095,1106,2026,710208,710208
1096,1107,2026,710208,710208
1097,1108,2026,835716,835716
1098,1109,2026,940000,940000
1099,1110,2026,1100000,1100000
1100,1111,2026,1100000,1100000
1101,1112,2026,1260000,1260000
1102,1113,2026,1340000,1340000
1103,1114,2026,815000,815000
1104,1115,2026,815000,815000
1105,1116,2026,815000,815000
1106,1117,2026,815000,815000
1107,1118,2026,815000,815000
1108,1119,2026,815000,815000
1109,1120,2026,815000,815000
1110,1121,2026,815000,815000
1111,1122,2026,815000,815000
1112,1123,2026,815000,815000
1113,1124,2026,815000,815000
1114,1125,2026,815000,815000
1115,1126,2026,815000,815000
1116,1127,2026,1100000,1100000
1117,1128,2026,1100000,1100000
1118,1129,2026,1100000,1100000
1119,1130,2026,1100000,1100000
1120,1131,2026,900000,900000
1121,1132,2026,900000,900000
1122,1133,2026,900000,900000
1123,1134,2026,600000,600000
1124,1135,2026,600000,600000
1125,1136,2026,600000,600000
1126,1137,2026,520000,520000
1127,1138,2026,520000,520000
1128,1139,2026,520000,520000
1129,1140,2026,520000,520000
1130,1141,2026,520000,520000
1131,1142,2026,520000,520000
1132,1143,2026,520000,520000
1133,1144,2026,520000,520000
1134,1145,2026,520000,520000
1135,1146,2026,520000,520000
1136,1147,2026,520000,520000
1137,1148,2026,1040000,1040000
1138,1149,2026,1040000,1040000
1139,1150,2026,1040000,1040000
1140,1151,2026,800000,800000
1141,1152,2026,1120000,1120000
1142,1153,2026,600000,600000
1143,1154,2026,320000,320000
1144,1155,2026,880000,880000
1145,1156,2026,880000,880000
1146,1157,2026,880000,880000
1147,1158,2026,880000,880000
1148,1159,2026,600000,600000
1149,1160,2026,1200000,1200000
1150,1161,2026,1200000,1200000
1151,1162,2026,1200000,1200000
1152,1163,2026,1200000,1200000
1153,1164,2026,1200000,1200000
1154,1165,2026,1200000,1200000
1155,1166,2026,700000,700000
1156,1167,2026,700000,700000
1157,1168,2026,1200000,1200000
1158,1169,2026,1200000,1200000
1159,1170,2026,1000000,1000000
1160,1171,2026,1000000,1000000
1161,1172,2026,1200000,1200000
1162,1173,2026,700000,700000
1163,1174,2026,700000,700000
1164,1175,2026,700000,700000
1165,1176,2026,1000000,1000000
1166,1177,2026,800000,800000
1167,1178,2026,800000,800000
1168,1179,2026,800000,800000
1169,1180,2026,500000,500000
1170,1181,2026,500000,500000
1171,1182,2026,500000,500000
1172,1183,2026,500000,500000
1173,1184,2026,1200000,1200000
1174,1185,2026,340000,340000
1175,1186,2026,500000,500000
1176,1187,2026,500000,500000
1177,1188,2026,500000,500000
1178,1189,2026,500000,500000
1179,1190,2026,500000,500000
1180,1191,2026,500000,500000
1181,1192,2026,500000,500000
1182,1193,2026,2056000,2056000
1183,1194,2026,2056000,2056000
1184,1195,2026,2056000,2056000
1185,1196,2026,2056000,2056000
1186,1197,2026,2056000,2056000
1187,1198,2026,2056000,2056000
1188,1199,2026,1814000,1814000
1189,1200,2026,1814000,1814000
1190,1201,2026,1814000,1814000
1191,1202,2026,1814000,1814000
1192,1203,2026,1814000,1814000
1193,1204,2026,1461000,1461000
1194,1205,2026,1461000,1461000
1195,1206,2026,1461000,1461000
1196,1207,2026,1461000,1461000
1197,1208,2026,1461000,1461000
1198,1209,2026,1461000,1461000
1199,1210,2026,1461000,1461000
1200,1211,2026,1461000,1461000
1201,1212,2026,1461000,1461000
1202,1213,2026,1001000,1001000
1203,1214,2026,1461000,1461000
1204,1215,2026,1245000,1245000
1205,1216,2026,1245000,1245000
1206,1217,2026,1245000,1245000
1207,1218,2026,1245000,1245000
1208,1219,2026,1245000,1245000
1209,1220,2026,1245000,1245000
1210,1221,2026,1245000,1245000
1211,1222,2026,1245000,1245000
1212,1223,2026,1245000,1245000
1213,1224,2026,1245000,1245000
1214,1225,2026,1245000,1245000
1215,1226,2026,1245000,1245000
1216,1227,2026,1245000,1245000
1217,1228,2026,1245000,1245000
1218,1229,2026,1245000,1245000
1219,1230,2026,1245000,1245000
1220,1231,2026,1245000,1245000
1221,1232,2026,1245000,1245000
1222,1233,2026,1245000,1245000
1223,1234,2026,1245000,1245000
1224,1235,2026,1245000,1245000
1225,1236,2026,1245000,1245000
1226,1237,2026,1245000,1245000
1227,1238,2026,1245000,1245000
1228,1239,2026,1245000,1245000
1229,1240,2026,1120000,1120000
1230,1241,2026,1120000,1120000
1231,1242,2026,1120000,1120000
1232,1243,2026,1120000,1120000
1233,1244,2026,1120000,1120000
1234,1245,2026,1120000,1120000
1235,1246,2026,1120000,1120000
1236,1247,2026,800000,800000
1237,1248,2026,800000,800000
1238,1249,2026,800000,800000
1239,1250,2026,800000,800000
1240,1251,2026,800000,800000
1241,1252,2026,480000,480000
1242,1253,2026,480000,480000
1243,1254,2026,480000,480000
1244,1255,2026,480000,480000
1245,1256,2026,480000,480000
1246,1257,2026,480000,480000
1247,1258,2026,480000,480000
1248,1259,2026,400000,400000
1249,1260,2026,400000,400000
1250,1261,2026,480000,480000
1251,1262,2026,480000,480000
1252,1263,2026,480000,480000
1253,1264,2026,480000,480000
1254,1265,2026,400000,400000
1255,1266,2026,400000,400000
1256,1267,2026,400000,400000
1257,1268,2026,360000,360000
1258,1269,2026,360000,360000
1259,1270,2026,360000,360000
1260,1271,2026,360000,360000
1261,1272,2026,720000,720000
1262,1273,2026,600000,600000
1263,1274,2026,560000,560000
1264,1275,2026,780000,780000
1265,1276,2026,780000,780000
1266,1277,2026,780000,780000
1267,1278,2026,780000,780000
1268,1279,2026,780000,780000
1269,1280,2026,780000,780000
1270,1281,2026,780000,780000
1271,1282,2026,780000,780000
1272,1283,2026,780000,780000
1273,1284,2026,780000,780000
1274,1285,2026,780000,780000
1275,1286,2026,780000,780000
1276,1287,2026,780000,780000
1277,1288,2026,780000,780000
1278,1289,2026,780000,780000
1279,1290,2026,828000,828000
1280,1291,2026,692000,692000
1281,1292,2026,692000,692000
1282,1293,2026,692000,692000
1283,1294,2026,692000,692000
1284,1295,2026,692000,692000
1285,1296,2026,692000,692000
1286,1297,2026,600000,600000
1287,1298,2026,600000,600000
1288,1299,2026,600000,600000
1289,1300,2026,800000,800000
1290,1301,2026,860000,860000
1291,1302,2026,860000,860000
1292,1303,2026,860000,860000
1293,1304,2026,860000,860000
1294,1305,2026,860000,860000
1295,1306,2026,1100000,1100000
1296,1307,2026,1000000,1000000
1297,1319,2026,1335000,1335000
1298,1320,2026,1335000,1335000
1299,1321,2026,1335000,1335000
1300,1322,2026,1335000,1335000
13011,1323,2026,1335000,1335000
24722,1324,2026,783000,783000
36433,1325,2026,783000,783000
48144,1326,2026,783000,783000
59855,1327,2026,783000,783000
71566,1328,2026,783000,783000
83277,1329,2026,783000,783000
94988,1330,2026,783000,783000
106699,1331,2026,783000,783000
118410,1332,2026,783000,783000
130121,1333,2026,783000,783000
141832,1334,2026,783000,783000
153543,1335,2026,783000,783000
165254,1336,2026,783000,783000
176965,1337,2026,695000,695000
188676,1338,2026,695000,695000
200387,1339,2026,695000,695000
212098,1340,2026,795000,795000
223809,1341,2026,795000,795000
235520,1342,2026,795000,795000
247231,1343,2026,795000,795000
258942,1344,2026,795000,795000
270653,1345,2026,795000,795000
282364,1346,2026,795000,795000
294075,1347,2026,795000,795000
305786,1348,2026,795000,795000
317497,1349,2026,795000,795000
329208,1350,2026,795000,795000
340919,1351,2026,795000,795000
352630,1352,2026,795000,795000
364341,1353,2026,695000,695000
376052,1354,2026,780000,780000
387763,1355,2026,780000,780000
399474,1356,2026,780000,780000
411185,1357,2026,780000,780000
422896,1358,2026,780000,780000
434607,1359,2026,780000,780000
446318,1360,2026,780000,780000
458029,1361,2026,780000,780000
469740,1362,2026,780000,780000
481451,1363,2026,780000,780000
493162,1364,2026,780000,780000
504873,1365,2026,780000,780000
516584,1366,2026,780000,780000